train-aucpr-mean,train-aucpr-std,test-aucpr-mean,test-aucpr-std
0.7965286504958708,0.020756918786746424,0.7738531439222125,0.02084261415064645
0.8230433477427962,0.004965554562010408,0.7984298659075909,0.011614915738860641
0.8422283943177149,0.008562931847754494,0.810401035865989,0.011288522659448822
0.8563836277135943,0.007596891423497561,0.8152965421963303,0.012161807052610923
