train-aucpr-mean,train-aucpr-std,test-aucpr-mean,test-aucpr-std
0.7446508072936165,0.0006913384638350787,0.734474087980696,0.005254532463433521
0.8118776938275893,0.004412884280379753,0.8015763684252768,0.017058409965353436
0.821589378806658,0.004301745272471508,0.8064467953483193,0.014829943436968487
0.836789372589592,0.004865032167991332,0.818877983769881,0.014777440991568696
0.843320831438423,0.006797056864385,0.8185381511671768,0.01508745871197876
0.8448141137126466,0.0060765466853552885,0.8193584777758994,0.01809439975722701
0.8486090980767246,0.0038818686462541237,0.8224020933490367,0.017406933314506053
