train-aucpr-mean,train-aucpr-std,test-aucpr-mean,test-aucpr-std
0.738156160981226,0.001534163157770979,0.7339192448156416,0.004414543301364033
0.7991861243216597,0.006241333395798732,0.7913591079310891,0.014901290444676758
0.8082748798327299,0.0039483639495983686,0.8024233905916154,0.014857771653161439
0.8139757668999943,0.002952768555116493,0.8064779182864678,0.01625102653885443
0.8196703382437741,0.006834651875637513,0.8115179944959671,0.014492771477923268
0.8270116053857155,0.0040552476808636976,0.8186017141081718,0.019326387874365195
0.8332276517947083,0.006385186138354632,0.8250521822373209,0.01226985458627594
0.8335370417904494,0.0061983636753036725,0.8277954885197097,0.010772659391925019
