train-aucpr-mean,train-aucpr-std,test-aucpr-mean,test-aucpr-std
0.7510191147483589,0.02452351239612409,0.7407355514996112,0.012302303336090255
0.8029482947328719,0.003920136911506848,0.7978321806962689,0.018189521987226353
0.8162714621434158,0.005592725972284363,0.8109856397473566,0.0178864925867287
0.8179258715871851,0.009462897407543159,0.8089387638440625,0.007607731136603858
0.8229107731447985,0.005413028619040351,0.8122173032586885,0.008402682715406472
0.8271650497827036,0.007965175910164556,0.8148621361296481,0.009309172897519202
