train-aucpr-mean,train-aucpr-std,test-aucpr-mean,test-aucpr-std
0.7357120048453345,0.006607852842211772,0.7301133297980826,0.007946692260559376
0.7439594592542684,0.0025363492719095455,0.7349168957523137,0.006224922389774807
0.7654489389542662,0.02167557377234247,0.7476494905784566,0.011449242606156054
0.8106834762998343,0.003221943334723541,0.7931654669378233,0.014379757895161207
0.8161469147488936,0.004363167461489423,0.798799876011597,0.010288300108808913
0.8256761524346077,0.007990596786827729,0.8098326025278844,0.013536747234925482
0.8315455614840331,0.00808996389431155,0.8157954329133383,0.012975392594107632
0.8390151525373704,0.005467579059557901,0.8213944177077716,0.01665164317015099
0.8437156433961046,0.0034249500463123,0.8262809404856231,0.01594435199505376
