train-aucpr-mean,train-aucpr-std,test-aucpr-mean,test-aucpr-std
0.7436265031643756,0.001573380693152615,0.7355588032920616,0.0046650448719094935
0.8078502724172122,0.004008629098509699,0.7954624741039754,0.014778844076452998
0.8155439938651716,0.00217652816104286,0.8012177533419141,0.014226257176246608
0.8228977603008764,0.002758583987055091,0.8086941513743662,0.017502309345107915
0.837708107455712,0.004975671049668366,0.8194399435356878,0.013791326857523399
0.8448287260617013,0.004462770169232659,0.821183818604796,0.01533412241126148
0.8514429168114223,0.0024300054746394066,0.8256903818281968,0.013173829628259038
0.8551162389835854,0.003826543071249318,0.825348694649227,0.013274726583506109
0.8568477590949897,0.0040298712743912155,0.8260830777786792,0.013501431419078704
