train-aucpr-mean,train-aucpr-std,test-aucpr-mean,test-aucpr-std
0.7347009986857864,0.0016893578210558809,0.7316044987591284,0.004165438642406627
0.7851816648723368,0.022599556352174664,0.7784640605085844,0.029763795896458074
0.8048085132963225,0.005488171476183454,0.8001059655794153,0.01415216262811499
0.812712721265765,0.005679902698172842,0.8069276757325724,0.021826961204648256
0.8247558245671713,0.003250706252171779,0.8210587304256702,0.01444546666408211
0.830198031550849,0.0032586098811737065,0.8245009594595624,0.014598631171654589
0.8302514036213486,0.0034400475725773656,0.8234794538389849,0.015734047419612287
0.8328512908108736,0.004729118234066768,0.8264652578478782,0.0141794740690526
0.8351382390653637,0.002607453464691046,0.8276277952459283,0.013894553100570865
