train-aucpr-mean,train-aucpr-std,test-aucpr-mean,test-aucpr-std
0.7842694358342542,0.02269345946722172,0.7753774495557173,0.02225568027779542
0.8055960732222939,0.005491353508753877,0.7975152027882977,0.01171398198576228
0.8123145549775213,0.005012860619920121,0.8043674713917917,0.014817777279042765
0.8229614147350371,0.002731238966535856,0.8155518053663379,0.01609991406248469
0.8217934387123605,0.007929338694451823,0.8127844244419993,0.011730667196723828
0.8231018422276474,0.009792070074695292,0.8136529628731151,0.012703106210739522
0.8301461568836087,0.0070594169116434775,0.8168560139689488,0.01708855659028642
0.8251887681833237,0.005636916116601802,0.8173174056348879,0.017193109293825105
